<?xml version="1.0" encoding="UTF-8" ?>
<!DOCTYPE mapper
  PUBLIC "-//mybatis.org//DTD Mapper 3.0//EN"
  "http://mybatis.org/dtd/mybatis-3-mapper.dtd">
<mapper namespace="mapper.UserMapper">

	<resultMap type="User" id="userInfo">
		<id column="user_id" property="userId" />
		<id column="cur_page" property="curPage" />
	</resultMap>

	<resultMap type="Category" id="categoryInfo">
		<id column="catagory_name" property="categoryName" />
		<id column="logo_img" property="logImgURL" />
		<id column="z_index" property="zIndex" />
	</resultMap>
	<resultMap type="Scrap" id="scrapMap">
		<id column="div_html" property="divHtml" />
		<id column="div_id" property="divId" />
	</resultMap>
	


	<insert id="insertUser" parameterType="User">
		insert into user
		values(#{userId},#{pw},#{name},1)
	</insert>

	<insert id="addCategory">
		insert into
		user_set(user_id,catagory_name,page_num,user_set.left,z_index)
		values(#{userId},#{category},#{curPage},#{left},#{zIndex})
	</insert>

	<delete id="delCategory">
		delete from user_set where user_id=#{userId} and
		page_num=#{curPage} and
		catagory_name=#{category}
	</delete>

	<select id="isUser" parameterType="User" resultType="User"
		resultMap="userInfo">
		select * FROM User WHERE user_id = #{userId}
	</select>

	<select id="getUserInfo" parameterType="User" resultType="User"
		resultMap="userInfo">
		select * FROM User WHERE user_id = #{userId} and pw = #{pw}
	</select>

	<select id="getCurPageCategory" parameterType="User" resultType="Category"
		resultMap="categoryInfo">
		select * from User
		u join user_set
		s on (u.user_id =
		s.user_id) join catagory c
		on
		(s.catagory_name=c.catagory_name) where
		u.user_id =#{userId} and
		u.cur_page = s.page_num
	</select>
	<select id="getCurPage" parameterType="User" resultType="int">
		select
		cur_page from user where user_id=#{userId}
	</select>

	<update id="changePage" parameterType="User">
		update user set cur_page =
		#{curPage} where user_id=#{userId}
	</update>

	<update id="changePosition">
		update user_set set user_set.left = #{left},
		top=#{top} where user_id=#{userId} and catagory_name=#{category}
		and
		page_num=#{curPage}
	</update>
	<update id="changeSize">
		update user_set set width = #{width},
		height=#{height} where user_id=#{userId} and catagory_name=#{category}
		and
		page_num=#{curPage}
	</update>
	
	<select id="getIndexNo" resultType="int">
		select set_no from user_set
		where user_id=#{userId} and page_num=#{curPage} and
		z_index=#{targetIndex}
	</select>
	<update id="upIndex">
		update user_set set z_index = z_index+1 where
		set_no=#{no}
	</update>
	<update id="downIndex">
		update user_set set z_index = z_index-1 where
		set_no=#{no}
	</update>
	<insert id="addScrap">
		insert into scrap(user_id,div_html,div_id) values(#{userId},#{divHtml},#{divId})
	</insert>
	
	<select id="getScrapList" parameterType="User" resultType="Scrap"
		resultMap="scrapMap">
		select div_html, div_id from scrap where user_id=#{userId}
	</select>
	
	<delete id="delScrap">
		delete from scrap where user_id = #{userId} and div_id=#{divId}
	</delete>


</mapper>